[
    {
        "key": "AYj6eamfy6GT9fnW_IlY",
        "rule": "java:S1135",
        "severity": "INFO",
        "component": "google-guava:src/com/google/common/io/Resources.java",
        "project": "google-guava",
        "line": 189,
        "hash": "301b3ca200330a19ceac6ee90eee859f",
        "textRange": {
            "startLine": 189,
            "endLine": 189,
            "startOffset": 0,
            "endOffset": 73
        },
        "flows": [],
        "status": "OPEN",
        "message": "Complete the task associated to this TODO comment.",
        "effort": "0min",
        "debt": "0min",
        "author": "cgdecker@google.com",
        "tags": [
            "cwe"
        ],
        "creationDate": "2016-03-08T14:40:33+0000",
        "updateDate": "2023-06-27T01:21:07+0000",
        "type": "CODE_SMELL",
        "scope": "MAIN",
        "quickFixAvailable": false,
        "messageFormattings": [],
        "codeVariants": []
    },
    {
        "key": "AYj6earoy6GT9fnW_Ip1",
        "rule": "java:S1135",
        "severity": "INFO",
        "component": "google-guava:src/com/google/common/primitives/ImmutableDoubleArray.java",
        "project": "google-guava",
        "line": 128,
        "hash": "de9068aaa4cc1b79910dd79365e53bba",
        "textRange": {
            "startLine": 128,
            "endLine": 128,
            "startOffset": 0,
            "endOffset": 31
        },
        "flows": [],
        "status": "OPEN",
        "message": "Complete the task associated to this TODO comment.",
        "effort": "0min",
        "debt": "0min",
        "author": "kevinb@google.com",
        "tags": [
            "cwe"
        ],
        "creationDate": "2017-05-02T20:49:09+0000",
        "updateDate": "2023-06-27T01:21:07+0000",
        "type": "CODE_SMELL",
        "scope": "MAIN",
        "quickFixAvailable": false,
        "messageFormattings": [],
        "codeVariants": []
    },
    {
        "key": "AYj6eakQy6GT9fnW_Igc",
        "rule": "java:S2118",
        "severity": "MAJOR",
        "component": "google-guava:src/com/google/common/collect/Multimaps.java",
        "project": "google-guava",
        "line": 279,
        "hash": "a6cfcd630cedebb91a61d905ec9c0491",
        "textRange": {
            "startLine": 279,
            "endLine": 279,
            "startOffset": 25,
            "endOffset": 32
        },
        "flows": [],
        "status": "OPEN",
        "message": "Make the \"com.google.common.base.Supplier\" class \"Serializable\" or don't write it.",
        "effort": "15min",
        "debt": "15min",
        "author": "kevinb@google.com@8138a162-5c33-11de-8abc-d1c337b90d21",
        "tags": [
            "serialization"
        ],
        "creationDate": "2010-01-05T01:33:33+0000",
        "updateDate": "2023-06-27T01:21:07+0000",
        "type": "BUG",
        "scope": "MAIN",
        "quickFixAvailable": false,
        "messageFormattings": [],
        "codeVariants": []
    },
    {
        "key": "AYj6eabOy6GT9fnW_INy",
        "rule": "java:S1133",
        "severity": "INFO",
        "component": "google-guava:src/com/google/common/collect/ImmutableSortedMapFauxverideShim.java",
        "project": "google-guava",
        "line": 81,
        "hash": "a0b4d23e7635b0b4f4fe23476af71e75",
        "textRange": {
            "startLine": 81,
            "endLine": 81,
            "startOffset": 56,
            "endOffset": 63
        },
        "flows": [],
        "status": "OPEN",
        "message": "Do not forget to remove this deprecated code someday.",
        "effort": "10min",
        "debt": "10min",
        "author": "kevinb@google.com",
        "tags": [
            "obsolete"
        ],
        "creationDate": "2015-06-01T17:33:57+0000",
        "updateDate": "2023-06-27T01:21:07+0000",
        "type": "CODE_SMELL",
        "scope": "MAIN",
        "quickFixAvailable": false,
        "messageFormattings": [],
        "codeVariants": []
    },
    {
        "key": "AYj6eadSy6GT9fnW_IQx",
        "rule": "java:S2293",
        "severity": "MINOR",
        "component": "google-guava:src/com/google/common/collect/Maps.java",
        "project": "google-guava",
        "line": 2486,
        "hash": "9aeead5043a4347c17a406810a2eac58",
        "textRange": {
            "startLine": 2486,
            "endLine": 2486,
            "startOffset": 28,
            "endOffset": 34
        },
        "flows": [],
        "status": "OPEN",
        "message": "Replace the type specification in this constructor call with the diamond operator (\"<>\").",
        "effort": "1min",
        "debt": "1min",
        "author": "kevinb@google.com",
        "tags": [
            "clumsy"
        ],
        "creationDate": "2015-08-06T15:21:48+0000",
        "updateDate": "2023-06-27T01:21:07+0000",
        "type": "CODE_SMELL",
        "scope": "MAIN",
        "quickFixAvailable": true,
        "messageFormattings": [],
        "codeVariants": []
    },
    {
        "key": "AYj6eaXOy6GT9fnW_II4",
        "rule": "java:S2445",
        "severity": "MAJOR",
        "component": "google-guava:src/com/google/common/util/concurrent/AbstractFuture.java",
        "project": "google-guava",
        "line": 1525,
        "hash": "f7f4e8c1c2c94a079da47133db4d18f9",
        "textRange": {
            "startLine": 1525,
            "endLine": 1531,
            "startOffset": 6,
            "endOffset": 7
        },
        "flows": [],
        "status": "OPEN",
        "message": "\"future\" is a method parameter, and should not be used for synchronization.",
        "effort": "15min",
        "debt": "15min",
        "author": "java-team-github-bot@google.com",
        "tags": [
            "cert",
            "cwe",
            "multi-threading"
        ],
        "creationDate": "2021-11-24T19:43:57+0000",
        "updateDate": "2023-06-27T01:21:07+0000",
        "type": "BUG",
        "scope": "MAIN",
        "quickFixAvailable": false,
        "messageFormattings": [],
        "codeVariants": []
    },
    {
        "key": "AYj6eah1y6GT9fnW_IcF",
        "rule": "java:S1133",
        "severity": "INFO",
        "component": "google-guava:src/com/google/common/collect/ImmutableList.java",
        "project": "google-guava",
        "line": 580,
        "hash": "d3f0876277bf9ca4de50979d31301244",
        "textRange": {
            "startLine": 580,
            "endLine": 580,
            "startOffset": 20,
            "endOffset": 24
        },
        "flows": [],
        "status": "OPEN",
        "message": "Do not forget to remove this deprecated code someday.",
        "effort": "10min",
        "debt": "10min",
        "author": "haustein@google.com",
        "tags": [
            "obsolete"
        ],
        "creationDate": "2023-06-07T19:26:07+0000",
        "updateDate": "2023-06-27T01:21:07+0000",
        "type": "CODE_SMELL",
        "scope": "MAIN",
        "quickFixAvailable": false,
        "messageFormattings": [],
        "codeVariants": []
    },
    {
        "key": "AYj6eatZy6GT9fnW_Isb",
        "rule": "java:S1206",
        "severity": "MINOR",
        "component": "google-guava:src/com/google/common/base/Converter.java",
        "project": "google-guava",
        "line": 494,
        "hash": "b80119d9526fedfd269e8550557cace9",
        "textRange": {
            "startLine": 494,
            "endLine": 494,
            "startOffset": 17,
            "endOffset": 23
        },
        "flows": [],
        "status": "OPEN",
        "message": "This class overrides \"equals()\" and should therefore also override \"hashCode()\".",
        "effort": "15min",
        "debt": "15min",
        "author": "cpovirk@google.com",
        "tags": [
            "cert",
            "cwe"
        ],
        "creationDate": "2021-04-12T20:58:36+0000",
        "updateDate": "2023-06-27T01:21:07+0000",
        "type": "BUG",
        "scope": "MAIN",
        "quickFixAvailable": false,
        "messageFormattings": [],
        "codeVariants": []
    },
    {
        "key": "AYj6eaW8y6GT9fnW_IHn",
        "rule": "java:S2222",
        "severity": "CRITICAL",
        "component": "google-guava:src/com/google/common/util/concurrent/Monitor.java",
        "project": "google-guava",
        "line": 539,
        "hash": "dafe8f50f604d277d0f719d67b6cccc6",
        "textRange": {
            "startLine": 539,
            "endLine": 539,
            "startOffset": 11,
            "endOffset": 15
        },
        "flows": [],
        "status": "OPEN",
        "message": "Unlock this lock along all executions paths of this method.",
        "effort": "20min",
        "debt": "20min",
        "author": "guava.mirrorbot@gmail.com@8138a162-5c33-11de-8abc-d1c337b90d21",
        "tags": [
            "cwe",
            "multi-threading",
            "symbolic-execution"
        ],
        "creationDate": "2011-07-27T19:44:50+0000",
        "updateDate": "2023-06-27T01:21:07+0000",
        "type": "BUG",
        "scope": "MAIN",
        "quickFixAvailable": false,
        "messageFormattings": [],
        "codeVariants": []
    },
    {
        "key": "AYj6eaiTy6GT9fnW_Idg",
        "rule": "java:S1133",
        "severity": "INFO",
        "component": "google-guava:src/com/google/common/collect/ImmutableMap.java",
        "project": "google-guava",
        "line": 780,
        "hash": "5b2cc175c2ee308778aabc0408777660",
        "textRange": {
            "startLine": 780,
            "endLine": 780,
            "startOffset": 17,
            "endOffset": 20
        },
        "flows": [],
        "status": "OPEN",
        "message": "Do not forget to remove this deprecated code someday.",
        "effort": "10min",
        "debt": "10min",
        "author": "kevinb@google.com@8138a162-5c33-11de-8abc-d1c337b90d21",
        "tags": [
            "obsolete"
        ],
        "creationDate": "2010-01-05T01:33:33+0000",
        "updateDate": "2023-06-27T01:21:07+0000",
        "type": "CODE_SMELL",
        "scope": "MAIN",
        "quickFixAvailable": false,
        "messageFormattings": [],
        "codeVariants": []
    },
    {
        "key": "AYj6eagHy6GT9fnW_IXN",
        "rule": "java:S1133",
        "severity": "INFO",
        "component": "google-guava:src/com/google/common/collect/ImmutableSortedSetFauxverideShim.java",
        "project": "google-guava",
        "line": 110,
        "hash": "638d439a1003ff980b0f9355e81ec53b",
        "textRange": {
            "startLine": 110,
            "endLine": 110,
            "startOffset": 42,
            "endOffset": 44
        },
        "flows": [],
        "status": "OPEN",
        "message": "Do not forget to remove this deprecated code someday.",
        "effort": "10min",
        "debt": "10min",
        "author": "kevinb@google.com",
        "tags": [
            "obsolete"
        ],
        "creationDate": "2015-06-01T17:33:57+0000",
        "updateDate": "2023-06-27T01:21:07+0000",
        "type": "CODE_SMELL",
        "scope": "MAIN",
        "quickFixAvailable": false,
        "messageFormattings": [],
        "codeVariants": []
    },
    {
        "key": "AYj6ealKy6GT9fnW_IjQ",
        "rule": "java:S2160",
        "severity": "MINOR",
        "component": "google-guava:src/com/google/common/collect/Synchronized.java",
        "project": "google-guava",
        "line": 1613,
        "hash": "f03fe4059ad4eab896ded4d007078262",
        "textRange": {
            "startLine": 1613,
            "endLine": 1613,
            "startOffset": 15,
            "endOffset": 39
        },
        "flows": [],
        "status": "OPEN",
        "message": "Override the \"equals\" method in this class.",
        "effort": "30min",
        "debt": "30min",
        "author": "cpovirk@google.com",
        "tags": [
            "suspicious"
        ],
        "creationDate": "2021-08-05T00:40:25+0000",
        "updateDate": "2023-06-27T01:21:07+0000",
        "type": "CODE_SMELL",
        "scope": "MAIN",
        "quickFixAvailable": false,
        "messageFormattings": [],
        "codeVariants": []
    },
    {
        "key": "AYj6eadSy6GT9fnW_ISx",
        "rule": "java:S2065",
        "severity": "MINOR",
        "component": "google-guava:src/com/google/common/collect/Maps.java",
        "project": "google-guava",
        "line": 4485,
        "hash": "0bdd36024799d2e7a1bbad5551a5b50d",
        "textRange": {
            "startLine": 4485,
            "endLine": 4485,
            "startOffset": 26,
            "endOffset": 35
        },
        "flows": [],
        "status": "OPEN",
        "message": "Remove the \"transient\" modifier from this field.",
        "effort": "2min",
        "debt": "2min",
        "author": "cpovirk@google.com",
        "tags": [
            "serialization",
            "unused"
        ],
        "creationDate": "2021-06-30T10:33:07+0000",
        "updateDate": "2023-06-27T01:21:07+0000",
        "type": "CODE_SMELL",
        "scope": "MAIN",
        "quickFixAvailable": false,
        "messageFormattings": [],
        "codeVariants": []
    },
    {
        "key": "AYj6eaXOy6GT9fnW_II3",
        "rule": "java:S2445",
        "severity": "MAJOR",
        "component": "google-guava:src/com/google/common/util/concurrent/AbstractFuture.java",
        "project": "google-guava",
        "line": 1513,
        "hash": "f7f4e8c1c2c94a079da47133db4d18f9",
        "textRange": {
            "startLine": 1513,
            "endLine": 1519,
            "startOffset": 6,
            "endOffset": 7
        },
        "flows": [],
        "status": "OPEN",
        "message": "\"future\" is a method parameter, and should not be used for synchronization.",
        "effort": "15min",
        "debt": "15min",
        "author": "lukes@google.com",
        "tags": [
            "cert",
            "cwe",
            "multi-threading"
        ],
        "creationDate": "2015-11-16T16:15:21+0000",
        "updateDate": "2023-06-27T01:21:07+0000",
        "type": "BUG",
        "scope": "MAIN",
        "quickFixAvailable": false,
        "messageFormattings": [],
        "codeVariants": []
    },
    {
        "key": "AYj6ealKy6GT9fnW_Ii0",
        "rule": "java:S2293",
        "severity": "MINOR",
        "component": "google-guava:src/com/google/common/collect/Synchronized.java",
        "project": "google-guava",
        "line": 122,
        "hash": "0aa39a473b2b1a1a3816dba675d28bd7",
        "textRange": {
            "startLine": 122,
            "endLine": 122,
            "startOffset": 37,
            "endOffset": 40
        },
        "flows": [],
        "status": "OPEN",
        "message": "Replace the type specification in this constructor call with the diamond operator (\"<>\").",
        "effort": "1min",
        "debt": "1min",
        "author": "kevinb@google.com@8138a162-5c33-11de-8abc-d1c337b90d21",
        "tags": [
            "clumsy"
        ],
        "creationDate": "2010-01-05T01:33:33+0000",
        "updateDate": "2023-06-27T01:21:07+0000",
        "type": "CODE_SMELL",
        "scope": "MAIN",
        "quickFixAvailable": true,
        "messageFormattings": [],
        "codeVariants": []
    },
    {
        "key": "AYj6eacXy6GT9fnW_IPj",
        "rule": "java:S3011",
        "severity": "MAJOR",
        "component": "google-guava:src/com/google/common/collect/Serialization.java",
        "project": "google-guava",
        "line": 212,
        "hash": "a59606c7a74636f50e74b4ee42557af4",
        "textRange": {
            "startLine": 212,
            "endLine": 212,
            "startOffset": 8,
            "endOffset": 34
        },
        "flows": [],
        "status": "OPEN",
        "message": "This accessibility bypass should be removed.",
        "effort": "30min",
        "debt": "30min",
        "author": "kevinb@google.com@8138a162-5c33-11de-8abc-d1c337b90d21",
        "tags": [
            "cert"
        ],
        "creationDate": "2010-01-05T01:33:33+0000",
        "updateDate": "2023-06-27T01:21:07+0000",
        "type": "CODE_SMELL",
        "scope": "MAIN",
        "quickFixAvailable": false,
        "messageFormattings": [],
        "codeVariants": []
    },
    {
        "key": "AYj6eagfy6GT9fnW_IYl",
        "rule": "java:S2160",
        "severity": "MINOR",
        "component": "google-guava:src/com/google/common/collect/DenseImmutableTable.java",
        "project": "google-guava",
        "line": 90,
        "hash": "58c827b1bb9ff75ce1d3c0afd67cfb1d",
        "textRange": {
            "startLine": 90,
            "endLine": 90,
            "startOffset": 32,
            "endOffset": 49
        },
        "flows": [],
        "status": "OPEN",
        "message": "Override the \"equals\" method in this class.",
        "effort": "30min",
        "debt": "30min",
        "author": "lowasser@google.com",
        "tags": [
            "suspicious"
        ],
        "creationDate": "2014-09-29T14:53:36+0000",
        "updateDate": "2023-06-27T01:21:07+0000",
        "type": "CODE_SMELL",
        "scope": "MAIN",
        "quickFixAvailable": false,
        "messageFormattings": [],
        "codeVariants": []
    },
    {
        "key": "AYj6eaZzy6GT9fnW_IMC",
        "rule": "java:S1135",
        "severity": "INFO",
        "component": "google-guava:src/com/google/common/collect/EmptyImmutableSetMultimap.java",
        "project": "google-guava",
        "line": 37,
        "hash": "709a59c4c82ca1dd902f4645a4d69169",
        "textRange": {
            "startLine": 37,
            "endLine": 37,
            "startOffset": 0,
            "endOffset": 98
        },
        "flows": [],
        "status": "OPEN",
        "message": "Complete the task associated to this TODO comment.",
        "effort": "0min",
        "debt": "0min",
        "author": "cpovirk@google.com",
        "tags": [
            "cwe"
        ],
        "creationDate": "2022-08-18T16:48:17+0000",
        "updateDate": "2023-06-27T01:21:07+0000",
        "type": "CODE_SMELL",
        "scope": "MAIN",
        "quickFixAvailable": false,
        "messageFormattings": [],
        "codeVariants": []
    },
    {
        "key": "AYj6eaYoy6GT9fnW_IK_",
        "rule": "java:S1135",
        "severity": "INFO",
        "component": "google-guava:src/com/google/common/collect/RangeMap.java",
        "project": "google-guava",
        "line": 178,
        "hash": "6b3ecb8176ac7248fcbb2e574fd47dd8",
        "textRange": {
            "startLine": 178,
            "endLine": 178,
            "startOffset": 0,
            "endOffset": 91
        },
        "flows": [],
        "status": "OPEN",
        "message": "Complete the task associated to this TODO comment.",
        "effort": "0min",
        "debt": "0min",
        "author": "cpovirk@google.com",
        "tags": [
            "cwe"
        ],
        "creationDate": "2021-08-05T19:01:51+0000",
        "updateDate": "2023-06-27T01:21:07+0000",
        "type": "CODE_SMELL",
        "scope": "MAIN",
        "quickFixAvailable": false,
        "messageFormattings": [],
        "codeVariants": []
    },
    {
        "key": "AYj6eaY8y6GT9fnW_ILT",
        "rule": "java:S1905",
        "severity": "MINOR",
        "component": "google-guava:src/com/google/common/collect/Range.java",
        "project": "google-guava",
        "line": 157,
        "hash": "72761ed1d9b63246cfca25dd5c9463d5",
        "textRange": {
            "startLine": 157,
            "endLine": 157,
            "startOffset": 11,
            "endOffset": 31
        },
        "flows": [],
        "status": "OPEN",
        "message": "Remove this unnecessary cast to \"Ordering\".",
        "effort": "5min",
        "debt": "5min",
        "author": "ronshapiro@google.com",
        "tags": [
            "clumsy",
            "redundant"
        ],
        "creationDate": "2017-04-25T21:06:28+0000",
        "updateDate": "2023-06-27T01:21:07+0000",
        "type": "CODE_SMELL",
        "scope": "MAIN",
        "quickFixAvailable": true,
        "messageFormattings": [],
        "codeVariants": []
    },
    {
        "key": "AYj6eabOy6GT9fnW_IN1",
        "rule": "java:S1133",
        "severity": "INFO",
        "component": "google-guava:src/com/google/common/collect/ImmutableSortedMapFauxverideShim.java",
        "project": "google-guava",
        "line": 123,
        "hash": "6931ad931da40153ebf73a1fa96d1324",
        "textRange": {
            "startLine": 123,
            "endLine": 123,
            "startOffset": 48,
            "endOffset": 50
        },
        "flows": [],
        "status": "OPEN",
        "message": "Do not forget to remove this deprecated code someday.",
        "effort": "10min",
        "debt": "10min",
        "author": "kevinb@google.com",
        "tags": [
            "obsolete"
        ],
        "creationDate": "2015-06-01T17:33:57+0000",
        "updateDate": "2023-06-27T01:21:07+0000",
        "type": "CODE_SMELL",
        "scope": "MAIN",
        "quickFixAvailable": false,
        "messageFormattings": [],
        "codeVariants": []
    },
    {
        "key": "AYj6eagHy6GT9fnW_IXQ",
        "rule": "java:S1133",
        "severity": "INFO",
        "component": "google-guava:src/com/google/common/collect/ImmutableSortedSetFauxverideShim.java",
        "project": "google-guava",
        "line": 155,
        "hash": "c2fda0a69acbe399d393889baad3ca46",
        "textRange": {
            "startLine": 155,
            "endLine": 155,
            "startOffset": 42,
            "endOffset": 44
        },
        "flows": [],
        "status": "OPEN",
        "message": "Do not forget to remove this deprecated code someday.",
        "effort": "10min",
        "debt": "10min",
        "author": "kevinb@google.com",
        "tags": [
            "obsolete"
        ],
        "creationDate": "2015-06-01T17:33:57+0000",
        "updateDate": "2023-06-27T01:21:07+0000",
        "type": "CODE_SMELL",
        "scope": "MAIN",
        "quickFixAvailable": false,
        "messageFormattings": [],
        "codeVariants": []
    },
    {
        "key": "AYj6eakQy6GT9fnW_Igr",
        "rule": "java:S2118",
        "severity": "MAJOR",
        "component": "google-guava:src/com/google/common/collect/Multimaps.java",
        "project": "google-guava",
        "line": 567,
        "hash": "a6cfcd630cedebb91a61d905ec9c0491",
        "textRange": {
            "startLine": 567,
            "endLine": 567,
            "startOffset": 25,
            "endOffset": 32
        },
        "flows": [],
        "status": "OPEN",
        "message": "Make the \"com.google.common.base.Supplier\" class \"Serializable\" or don't write it.",
        "effort": "15min",
        "debt": "15min",
        "author": "kevinb@google.com@8138a162-5c33-11de-8abc-d1c337b90d21",
        "tags": [
            "serialization"
        ],
        "creationDate": "2010-01-05T01:33:33+0000",
        "updateDate": "2023-06-27T01:21:07+0000",
        "type": "BUG",
        "scope": "MAIN",
        "quickFixAvailable": false,
        "messageFormattings": [],
        "codeVariants": []
    },
    {
        "key": "AYj6eagRy6GT9fnW_IX9",
        "rule": "java:S2293",
        "severity": "MINOR",
        "component": "google-guava:src/com/google/common/collect/ImmutableSet.java",
        "project": "google-guava",
        "line": 828,
        "hash": "3aa00d50491009f71a6ed16989c60631",
        "textRange": {
            "startLine": 828,
            "endLine": 828,
            "startOffset": 40,
            "endOffset": 43
        },
        "flows": [],
        "status": "OPEN",
        "message": "Replace the type specification in this constructor call with the diamond operator (\"<>\").",
        "effort": "1min",
        "debt": "1min",
        "author": "lowasser@google.com",
        "tags": [
            "clumsy"
        ],
        "creationDate": "2021-09-21T22:10:52+0000",
        "updateDate": "2023-06-27T01:21:07+0000",
        "type": "CODE_SMELL",
        "scope": "MAIN",
        "quickFixAvailable": true,
        "messageFormattings": [],
        "codeVariants": []
    },
    {
        "key": "AYj6eau2y6GT9fnW_Iu2",
        "rule": "java:S1186",
        "severity": "CRITICAL",
        "component": "google-guava:src/com/google/common/cache/AbstractCache.java",
        "project": "google-guava",
        "line": 211,
        "hash": "2e6009b419f3eca0b6d14109cc7c4716",
        "textRange": {
            "startLine": 211,
            "endLine": 211,
            "startOffset": 11,
            "endOffset": 29
        },
        "flows": [],
        "status": "OPEN",
        "message": "Add a nested comment explaining why this method is empty, throw an UnsupportedOperationException or complete the implementation.",
        "effort": "5min",
        "debt": "5min",
        "author": "cpovirk@google.com",
        "tags": [
            "suspicious"
        ],
        "creationDate": "2012-05-08T18:07:36+0000",
        "updateDate": "2023-06-27T01:21:07+0000",
        "type": "CODE_SMELL",
        "scope": "MAIN",
        "quickFixAvailable": true,
        "messageFormattings": [],
        "codeVariants": []
    },
    {
        "key": "AYj6eakQy6GT9fnW_IgV",
        "rule": "java:S2293",
        "severity": "MINOR",
        "component": "google-guava:src/com/google/common/collect/Multimaps.java",
        "project": "google-guava",
        "line": 1260,
        "hash": "8efca1163fa952f9dc70b02c05cbedaa",
        "textRange": {
            "startLine": 1260,
            "endLine": 1260,
            "startOffset": 31,
            "endOffset": 37
        },
        "flows": [],
        "status": "OPEN",
        "message": "Replace the type specification in this constructor call with the diamond operator (\"<>\").",
        "effort": "1min",
        "debt": "1min",
        "author": "lowasser@google.com",
        "tags": [
            "clumsy"
        ],
        "creationDate": "2017-12-19T15:10:13+0000",
        "updateDate": "2023-06-27T01:21:07+0000",
        "type": "CODE_SMELL",
        "scope": "MAIN",
        "quickFixAvailable": true,
        "messageFormattings": [],
        "codeVariants": []
    },
    {
        "key": "AYj6eas9y6GT9fnW_Irr",
        "rule": "java:S4719",
        "severity": "MINOR",
        "component": "google-guava:src/com/google/common/base/Charsets.java",
        "project": "google-guava",
        "line": 77,
        "hash": "2e581518d8de46969e014f48c2b46ce9",
        "textRange": {
            "startLine": 77,
            "endLine": 77,
            "startOffset": 41,
            "endOffset": 68
        },
        "flows": [],
        "status": "OPEN",
        "message": "Replace Charset.forName() call with StandardCharsets.UTF_16BE",
        "effort": "1min",
        "debt": "1min",
        "author": "kevinb@google.com@8138a162-5c33-11de-8abc-d1c337b90d21",
        "tags": [
            "clumsy",
            "java7"
        ],
        "creationDate": "2009-09-15T19:50:59+0000",
        "updateDate": "2023-06-27T01:21:07+0000",
        "type": "CODE_SMELL",
        "scope": "MAIN",
        "quickFixAvailable": true,
        "messageFormattings": [],
        "codeVariants": []
    },
    {
        "key": "AYj6eaSFy6GT9fnW_IDY",
        "rule": "java:S1135",
        "severity": "INFO",
        "component": "google-guava:src/com/google/common/util/concurrent/ClosingFuture.java",
        "project": "google-guava",
        "line": 2211,
        "hash": "1f1c77d4e1474f89cde99ac4e52c7f97",
        "textRange": {
            "startLine": 2211,
            "endLine": 2211,
            "startOffset": 0,
            "endOffset": 93
        },
        "flows": [],
        "status": "OPEN",
        "message": "Complete the task associated to this TODO comment.",
        "effort": "0min",
        "debt": "0min",
        "author": "dpb@google.com",
        "tags": [
            "cwe"
        ],
        "creationDate": "2020-09-15T16:52:12+0000",
        "updateDate": "2023-06-27T01:21:07+0000",
        "type": "CODE_SMELL",
        "scope": "MAIN",
        "quickFixAvailable": false,
        "messageFormattings": [],
        "codeVariants": []
    },
    {
        "key": "AYj6eau5y6GT9fnW_Iu3",
        "rule": "java:S1135",
        "severity": "INFO",
        "component": "google-guava:src/com/google/common/cache/LoadingCache.java",
        "project": "google-guava",
        "line": 71,
        "hash": "c2fceb31caf3dffb967b0d239ad9dea5",
        "textRange": {
            "startLine": 71,
            "endLine": 71,
            "startOffset": 0,
            "endOffset": 68
        },
        "flows": [],
        "status": "OPEN",
        "message": "Complete the task associated to this TODO comment.",
        "effort": "0min",
        "debt": "0min",
        "author": "kak@google.com",
        "tags": [
            "cwe"
        ],
        "creationDate": "2022-08-05T18:53:23+0000",
        "updateDate": "2023-06-27T01:21:07+0000",
        "type": "CODE_SMELL",
        "scope": "MAIN",
        "quickFixAvailable": false,
        "messageFormattings": [],
        "codeVariants": []
    },
    {
        "key": "AYj6eaewy6GT9fnW_IVI",
        "rule": "java:S2293",
        "severity": "MINOR",
        "component": "google-guava:src/com/google/common/collect/ImmutableMultiset.java",
        "project": "google-guava",
        "line": 455,
        "hash": "d333675b16e42a8a19b7837fd9e7b069",
        "textRange": {
            "startLine": 455,
            "endLine": 455,
            "startOffset": 22,
            "endOffset": 25
        },
        "flows": [],
        "status": "OPEN",
        "message": "Replace the type specification in this constructor call with the diamond operator (\"<>\").",
        "effort": "1min",
        "debt": "1min",
        "author": "kevinb@google.com@8138a162-5c33-11de-8abc-d1c337b90d21",
        "tags": [
            "clumsy"
        ],
        "creationDate": "2010-01-05T01:33:33+0000",
        "updateDate": "2023-06-27T01:21:07+0000",
        "type": "CODE_SMELL",
        "scope": "MAIN",
        "quickFixAvailable": true,
        "messageFormattings": [],
        "codeVariants": []
    },
    {
        "key": "AYj6eaaBy6GT9fnW_IMj",
        "rule": "java:S1135",
        "severity": "INFO",
        "component": "google-guava:src/com/google/common/collect/ImmutableSortedMap.java",
        "project": "google-guava",
        "line": 1107,
        "hash": "c56437a474c9b4d1277d95650e0be131",
        "textRange": {
            "startLine": 1107,
            "endLine": 1107,
            "startOffset": 0,
            "endOffset": 98
        },
        "flows": [],
        "status": "OPEN",
        "message": "Complete the task associated to this TODO comment.",
        "effort": "0min",
        "debt": "0min",
        "author": "kevinb@google.com",
        "tags": [
            "cwe"
        ],
        "creationDate": "2015-08-06T15:21:48+0000",
        "updateDate": "2023-06-27T01:21:07+0000",
        "type": "CODE_SMELL",
        "scope": "MAIN",
        "quickFixAvailable": false,
        "messageFormattings": [],
        "codeVariants": []
    },
    {
        "key": "AYj6eabsy6GT9fnW_IOq",
        "rule": "java:S1948",
        "severity": "CRITICAL",
        "component": "google-guava:src/com/google/common/collect/Lists.java",
        "project": "google-guava",
        "line": 349,
        "hash": "4e63cf6864d56a7804833ec393a6e67d",
        "textRange": {
            "startLine": 349,
            "endLine": 349,
            "startOffset": 32,
            "endOffset": 37
        },
        "flows": [],
        "status": "OPEN",
        "message": "Make \"first\" transient or serializable.",
        "effort": "30min",
        "debt": "30min",
        "author": "cpovirk@google.com",
        "tags": [
            "cwe",
            "serialization"
        ],
        "creationDate": "2021-06-30T10:33:07+0000",
        "updateDate": "2023-06-27T01:21:07+0000",
        "type": "CODE_SMELL",
        "scope": "MAIN",
        "quickFixAvailable": false,
        "messageFormattings": [],
        "codeVariants": []
    },
    {
        "key": "AYj6eahay6GT9fnW_Iad",
        "rule": "java:S2293",
        "severity": "MINOR",
        "component": "google-guava:src/com/google/common/collect/Sets.java",
        "project": "google-guava",
        "line": 418,
        "hash": "49930cb14613870199637a772b620a43",
        "textRange": {
            "startLine": 418,
            "endLine": 418,
            "startOffset": 22,
            "endOffset": 25
        },
        "flows": [],
        "status": "OPEN",
        "message": "Replace the type specification in this constructor call with the diamond operator (\"<>\").",
        "effort": "1min",
        "debt": "1min",
        "author": "kevinb@google.com@8138a162-5c33-11de-8abc-d1c337b90d21",
        "tags": [
            "clumsy"
        ],
        "creationDate": "2010-01-05T01:33:33+0000",
        "updateDate": "2023-06-27T01:21:07+0000",
        "type": "CODE_SMELL",
        "scope": "MAIN",
        "quickFixAvailable": true,
        "messageFormattings": [],
        "codeVariants": []
    },
    {
        "key": "AYj6eavmy6GT9fnW_IxG",
        "rule": "java:S1135",
        "severity": "INFO",
        "component": "google-guava:src/com/google/common/cache/LocalCache.java",
        "project": "google-guava",
        "line": 383,
        "hash": "722d86a457bb5776a3b4ee8da9cc506a",
        "textRange": {
            "startLine": 383,
            "endLine": 383,
            "startOffset": 0,
            "endOffset": 95
        },
        "flows": [],
        "status": "OPEN",
        "message": "Complete the task associated to this TODO comment.",
        "effort": "0min",
        "debt": "0min",
        "author": "fry@google.com",
        "tags": [
            "cwe"
        ],
        "creationDate": "2011-10-25T13:12:10+0000",
        "updateDate": "2023-06-27T01:21:07+0000",
        "type": "CODE_SMELL",
        "scope": "MAIN",
        "quickFixAvailable": false,
        "messageFormattings": [],
        "codeVariants": []
    },
    {
        "key": "AYj6eak-y6GT9fnW_Iil",
        "rule": "java:S1135",
        "severity": "INFO",
        "component": "google-guava:src/com/google/common/collect/Queues.java",
        "project": "google-guava",
        "line": 363,
        "hash": "191656f36de5ed42332174646c760bfa",
        "textRange": {
            "startLine": 363,
            "endLine": 363,
            "startOffset": 0,
            "endOffset": 74
        },
        "flows": [],
        "status": "OPEN",
        "message": "Complete the task associated to this TODO comment.",
        "effort": "0min",
        "debt": "0min",
        "author": "kak@google.com",
        "tags": [
            "cwe"
        ],
        "creationDate": "2019-05-15T17:04:38+0000",
        "updateDate": "2023-06-27T01:21:07+0000",
        "type": "CODE_SMELL",
        "scope": "MAIN",
        "quickFixAvailable": false,
        "messageFormattings": [],
        "codeVariants": []
    },
    {
        "key": "AYj6eatZy6GT9fnW_Isg",
        "rule": "java:S1135",
        "severity": "INFO",
        "component": "google-guava:src/com/google/common/base/Converter.java",
        "project": "google-guava",
        "line": 231,
        "hash": "693a446863f3fe87691e246780107b6b",
        "textRange": {
            "startLine": 231,
            "endLine": 231,
            "startOffset": 0,
            "endOffset": 97
        },
        "flows": [],
        "status": "OPEN",
        "message": "Complete the task associated to this TODO comment.",
        "effort": "0min",
        "debt": "0min",
        "author": "cpovirk@google.com",
        "tags": [
            "cwe"
        ],
        "creationDate": "2021-04-12T20:58:36+0000",
        "updateDate": "2023-06-27T01:21:07+0000",
        "type": "CODE_SMELL",
        "scope": "MAIN",
        "quickFixAvailable": false,
        "messageFormattings": [],
        "codeVariants": []
    },
    {
        "key": "AYj6eavTy6GT9fnW_Iv0",
        "rule": "java:S1659",
        "severity": "MINOR",
        "component": "google-guava:src/com/google/common/cache/LongAdder.java",
        "project": "google-guava",
        "line": 64,
        "hash": "4dfb33e05423336b2177f624e63c3435",
        "textRange": {
            "startLine": 64,
            "endLine": 64,
            "startOffset": 12,
            "endOffset": 13
        },
        "flows": [],
        "status": "OPEN",
        "message": "Declare \"v\" on a separate line.",
        "effort": "2min",
        "debt": "2min",
        "author": "cpovirk@google.com",
        "tags": [
            "cert",
            "convention"
        ],
        "creationDate": "2017-12-04T17:37:03+0000",
        "updateDate": "2023-06-27T01:21:07+0000",
        "type": "CODE_SMELL",
        "scope": "MAIN",
        "quickFixAvailable": true,
        "messageFormattings": [],
        "codeVariants": []
    },
    {
        "key": "AYj6eaqsy6GT9fnW_Iot",
        "rule": "java:S1604",
        "severity": "MAJOR",
        "component": "google-guava:src/com/google/common/hash/LongAddables.java",
        "project": "google-guava",
        "line": 43,
        "hash": "e3152ba090c8ae634e2df2b66af61cd8",
        "textRange": {
            "startLine": 43,
            "endLine": 43,
            "startOffset": 14,
            "endOffset": 35
        },
        "flows": [],
        "status": "OPEN",
        "message": "Make this anonymous inner class a lambda",
        "effort": "5min",
        "debt": "5min",
        "author": "lowasser@google.com",
        "tags": [
            "java8"
        ],
        "creationDate": "2017-05-02T21:49:14+0000",
        "updateDate": "2023-06-27T01:21:07+0000",
        "type": "CODE_SMELL",
        "scope": "MAIN",
        "quickFixAvailable": false,
        "messageFormattings": [],
        "codeVariants": []
    },
    {
        "key": "AYj6eaVWy6GT9fnW_IGD",
        "rule": "java:S2293",
        "severity": "MINOR",
        "component": "google-guava:src/com/google/common/util/concurrent/ImmediateFuture.java",
        "project": "google-guava",
        "line": 34,
        "hash": "8de925cfec2002c06df4601143dd7991",
        "textRange": {
            "startLine": 34,
            "endLine": 34,
            "startOffset": 61,
            "endOffset": 79
        },
        "flows": [],
        "status": "OPEN",
        "message": "Replace the type specification in this constructor call with the diamond operator (\"<>\").",
        "effort": "1min",
        "debt": "1min",
        "author": "cpovirk@google.com",
        "tags": [
            "clumsy"
        ],
        "creationDate": "2021-05-05T22:27:35+0000",
        "updateDate": "2023-06-27T01:21:07+0000",
        "type": "CODE_SMELL",
        "scope": "MAIN",
        "quickFixAvailable": true,
        "messageFormattings": [],
        "codeVariants": []
    },
    {
        "key": "AYj6eatZy6GT9fnW_Isj",
        "rule": "java:S1948",
        "severity": "CRITICAL",
        "component": "google-guava:src/com/google/common/base/Converter.java",
        "project": "google-guava",
        "line": 396,
        "hash": "97422e108266e7d3e46f4cb00befdbbc",
        "textRange": {
            "startLine": 396,
            "endLine": 396,
            "startOffset": 26,
            "endOffset": 32
        },
        "flows": [],
        "status": "OPEN",
        "message": "Make \"second\" transient or serializable.",
        "effort": "30min",
        "debt": "30min",
        "author": "cgdecker@google.com",
        "tags": [
            "cwe",
            "serialization"
        ],
        "creationDate": "2013-12-18T19:44:53+0000",
        "updateDate": "2023-06-27T01:21:07+0000",
        "type": "CODE_SMELL",
        "scope": "MAIN",
        "quickFixAvailable": false,
        "messageFormattings": [],
        "codeVariants": []
    }
]